{
    "$schema": "http://schema.management.azure.com/schemas/2015-01-01/deploymentTemplate.json#",
    "contentVersion": "1.0.0.0",
    "parameters": {
        "factoryName": {
            "type": "string",
            "metadata": "Data Factory name",
            "defaultValue": "IncorpTaxActDataLoad"
        },
        "ITAAzureBlobStorage_properties_typeProperties_connectionString_secretName": {
            "type": "string",
            "defaultValue": "azureblobkeyprod"
        },
        "ITAAzureKeyVault_properties_typeProperties_baseUrl": {
            "type": "string",
            "defaultValue": "https://itablobstorage.vault.azure.net/"
        },
        "ITASQLlinkedService_properties_typeProperties_connectionString_secretName": {
            "type": "string",
            "defaultValue": "itaazuresqlprod"
        },
        "containerUri": {
            "type": "string",
            "metadata": "URI to storage account containing linked ARM templates"
        },
        "containerSasToken": {
            "type": "string",
            "metadata": "Sas token to storage account containing linked ARM templates"
        }
    },
    "variables": {
        "factoryId": "[concat('Microsoft.DataFactory/factories/', parameters('factoryName'))]"
    },
    "resources": [
        {
            "name": "ArmTemplate_0",
            "type": "Microsoft.Resources/deployments",
            "apiVersion": "2018-02-01",
            "properties": {
                "mode": "incremental",
                "templateLink": {
                    "uri": "[concat(parameters('containerUri'), '/ArmTemplate_0.json', parameters('containerSasToken'))]",
                    "contentVersion": "1.0.0.0"
                },
                "parameters": {
                    "factoryName": {
                        "value": "[parameters('factoryName')]"
                    },
                    "ITAAzureKeyVault_properties_typeProperties_baseUrl": {
                        "value": "[parameters('ITAAzureKeyVault_properties_typeProperties_baseUrl')]"
                    },
                    "ITAAzureBlobStorage_properties_typeProperties_connectionString_secretName": {
                        "value": "[parameters('ITAAzureBlobStorage_properties_typeProperties_connectionString_secretName')]"
                    },
                    "ITASQLlinkedService_properties_typeProperties_connectionString_secretName": {
                        "value": "[parameters('ITASQLlinkedService_properties_typeProperties_connectionString_secretName')]"
                    }
                }
            },
            "dependsOn": []
        }
    ]
}